sales_month,total_revenue
2025-04,60313.95
2025-05,137446.36999999997
2025-06,132631.88999999998
2025-07,110739.14000000001
2025-08,91701.51999999999
2025-09,80230.77
2025-10,95155.23000000001
2025-11,110604.34
2025-12,85858.5
2026-01,95180.09999999998
2026-02,103179.74000000002
2026-03,104826.80000000002
2026-04,12991.230000000001
